title;username;description;the_category;image_url
pixelverse;pixelversexyzbot;"Pixelverse is a cyberpunk-themed gaming ecosystem that integrates third-party developers, intellectual properties (IP), and its own projects. \n\n
Pixelverse features a cyberpunk-themed game available on both Telegram and web browsers. \n\n
The platform boasts 60M players and over 14M social media followers, with one of the top 10 biggest channel on Telegram. \n\n";game;https://drive.google.com/file/d/1GbnAvkjMHAkcUMHcPDEX16SkF0uZTexG/view?usp=share_link
cat id paws;catidpawsbot;Catid Paws is a fun and enggaging web app where you swipe the screen to earn coins. Build and upgrade your virtual cat paradise, develop strategies to boost your passive income and compete with friends to climb the ranks. Enjoy exciting updates and bonuses as you purr your way to the top. \n\n;game;https://drive.google.com/file/d/1I0vO-SI9WtbKJ_IUPmroNEqQXauCfx5x/view?usp=share_link
orbitonX;orbitonx_bot;OrbitonX is a prediction game where players collect tokens from the Quest Portfolio by tapping on the right coins from the list. Earn rewards in $RCT tokens and move to the Staking phase to choose a crypto exchange and stake your coins for a few hours to gain even more $RCT. Collect your income and repeat the game!  \n\n;game;https://drive.google.com/file/d/1Nrhjrh_-uw2RMHkkD8Rxq1VDZVzq5JzD/view?usp=share_link
musk empire;muskempire_bot;Musk Empire is a clicker game with countless opportunities to earn coins, where your main goal is to build your own business empire. Complete tasks, invite friends, compete with players, and prepare for a huge token airdrop on TON Blockchain. \n\n;game;https://drive.google.com/file/d/14J_teW7UJzqHZ7_DJvKbocIvQYg0yeDW/view?usp=share_link
iceberg;IcebergAppBot;Iceberg is a decentralized workspace designed to simplify processes, enhance collaboration, and boost productivity. This Mini App lets you plan your tasks, record important information, and keep track of your data, all with the power of web3 for enhanced security and transparency.  \n\n;WEB3 tools;https://drive.google.com/file/d/1hF8QjYgABmPpEWoWfJWw5Mxvfpbk1rQA/view?usp=share_link
tapswap;tapswap_bot;TapSwap is not just a clicker game, but a growing web3 financial platform where users can earn tokens by utilizing the app's various mining activities. Using familiar clicker mechanics, this bot also offers its own features and presents a TapSwap Token, which distribution will occur among players in near future. \n\n;game;https://drive.google.com/file/d/1wrcvM0jZkD8vKUWnWzcGychsJvy2ZsFa/view?usp=share_link
teledate;tldtbot;Teledate is a dating bot, designed for those seeking love, companionship, or meaningful connections without the hassle of traditional dating apps. Whether you're looking to enjoy a casual date or have serious intentions to start a family, Teledate facilitates it all directly through your messenger. \n\n;social;https://drive.google.com/file/d/1lHoIa1ZnyqcERs9UGAKLJeZ38uF9I5qY/view?usp=share_link
to notion;to_notion_bot;To Notion Bot is a tool that integrates Telegram with your Notion workspaces. This bot is designed to enhance both individual productivity and team collaboration by allowing users to instantly send any Telegram content directly to Notion. \n\n;tools;https://drive.google.com/file/d/1OtLJ4uDCbfMDjK1t2jr1nKZVkMBvOlXP/view?usp=share_link
cubes?;cubesonthewater_bot;Cubes? is a mysterious clicker game, closely connected with the TON Punks project, but with its unique features and gameplay. Delve into the mining of cubes on a mysterious planet, earn Drops, and claim $PUNK tokens, all while immersed in a relaxing, meditative atmosphere. \n\n;game;https://drive.google.com/file/d/1vf9ARdOvTvdC_P2Eu8nQthURjR5eYyet/view?usp=share_link
payvote;PayVote_bot;PayVote is a Telegram bot that enhances community engagement by offering a unique way to create votings, gather settings, and even earn Toncoin in the process. \n\n;tools;https://drive.google.com/file/d/1rPhrqmUt60vsL3YFlY3zNHyt8uZvI2ZU/view?usp=share_link
sub&invite;subinvitebot;Sub&Invite is a mini-app designed to facilitate engaging competitions. Participants can join the contest by subscribing to specified channels and inviting friends, with rewards for the most active users. \n\n;tools;https://drive.google.com/file/d/1HohLCBy1lpQ2oquT2LfyB_xlJgVwW5tM/view?usp=share_link
dotcoin;dotcoin_bot;Dotcoin is a simple game where you get points by clicking on a DOT. Players can join clans, complete tasks, invite friends and increase levels — all to get as much Dotcoins as possible. \n\n;game;https://drive.google.com/file/d/1fV4_Q77aoTS6tnjnjgbjPRmMHXx7yQkw/view?usp=share_link
BILFT;bilft_bot;BILFT is a unique mini-app that equips every Telegram profile, channel, and chat with its personal billboard. Now, every Telegram user can enjoy their own public space where anonymous messages can be posted. \n\n;tools;https://drive.google.com/file/d/1Lh-g3XgPLmi3n7y4tLqV0vpUXCcXIlwB/view?usp=share_link
ton dating;tondating;TON Dating is a mini-app currently in development, designed to revolutionize the way friends and partners can find each other on Telegram. With TON blockchain integration, this membership-based dating community focuses on fostering high-quality connections. \n\n;social;https://drive.google.com/file/d/1tUeCkwJnQRzEmJOP0DxAEPP0c2o0rFWB/view?usp=share_link
sellz;sellzbot;Sellz, a solution for creating an online marketplace within the messenger, has unveiled updates to improve your selling experience.   \n\n;tools;https://drive.google.com/file/d/1O6LZkKG4SqFoId-FFrT_FN0aT1noH765/view?usp=share_link
squidtg;squidtg_bot;SquidTG is a pioneering inscription game that offers a unique idle experience right within Telegram. In this immersive underwater universe, players engage in strategic gameplay involving the hatching of squids, spawning of eggs, and trading in a bustling marketplace. \n\n;game;https://drive.google.com/file/d/1im3HNibHALGHqo41xHIylYi8fFkYLvkh/view?usp=share_link
brobot contest;brocontestsbot;Discover BroBot Contests, your gateway to engaging with top projects on The Open Network and winning exciting prizes. This app makes it easy to participate in various activities and raffles hosted on TON blockchain, ensuring you never miss out on rewarding opportunities. \n\n;WEB3 tools;https://drive.google.com/file/d/1PVcofCjhTEMNZCF3UjlqeYH36n9aRPDL/view?usp=share_link
tons of friends;toftechbot;TonsOfFriends is an app, transforming how users connect with groups and how community owners broaden their influence. Simply add this bot to your group, assign it admin privileges, and link your community to a world of possibilities. \n\n;social;https://drive.google.com/file/d/13-YLQI3OA9aqVWhpPw9WALPN72a4FaLm/view?usp=share_link
kingy gm ton;kingygmbot;KINGY GM TON is a new application from the KINGYTON project that turns daily token mining into an entertaining, gamified experience. Accessible directly within Telegram, this mini-app lets you mine $KINGY tokens easily every day. \n\n;game;https://drive.google.com/file/d/16ko1SPO2r13LjSmkQd-b-7LNrHKMIIZh/view?usp=share_link
shardify;hardify_bot;Shardify, now in beta on The Open Network, but already available via mini-app, offers a unique NFT fragmentation platform that allows you to convert NFTs into tradable tokens. This innovative service simplifies the exchange process, enhancing liquidity and making NFT ownership more flexible. \n\n;WEB3 tools;https://drive.google.com/file/d/1UPIcqj7pQ007o006TbR8gu4R9GavNfBF/view?usp=share_link
the open league;open_league_bot;The Open League Pools, a convenient mini-app offering effortless ways to join boosts and farming campaigns through liquidity provision, now introduces an exciting new utility: the ability to win a share of a 50k TON prize pool by making accurate predictions in The Open League! \n\n;tools;https://drive.google.com/file/d/1EyuMpX9qIe41poJDZrXpjENODTl6KqIG/view?usp=share_link
anonions;anonionbot;Anonion is an innovative mini-app, allowing seamless engagement with your audience through anonymous messages. Upon obtaining your personal link within the app, sharing it across various platforms enables you to receive anonymous feedback and answers to any questions you pose to your followers. \n\n;social;https://drive.google.com/file/d/1j3G8CR-A_zaewx3hIRAOEYDBJBt2LIbV/view?usp=share_link
fintrackbot;personalfintrackerbot;FinTrackBot is a go-to financial assistant, designed to simplify expense and income tracking. It automates the creation of a Google Spreadsheet for all your transactions, recognizing numbers, symbols, and automatically converting currencies when set. Access your financial overview by linking your email to the bot. \n\n;tools;https://drive.google.com/file/d/1cfHuMSR1jotN5Di_3hgpWipudYBRd-Pl/view?usp=share_link
brifer;meeting_summarizer_bot;Need to review meeting recordings or take notes? Brifer can transcribe and summarize up to 15 hours of audio, video and YouTube content. Just upload your file or share a link, and receive summary of pure facts with timestamps. \n\n;tools;https://drive.google.com/file/d/1a0knkh_N3C8iOt3_gQU2phiky23WCpnD/view?usp=share_link
such;such;Welcome to the New Year with SUCH, the ultimate feedback and support bot builder tailored for the vibrant community of Telegram creators! Whether you're a channel admin, bot developer, business owner, or community manager, SUCH offers a streamlined way to enhance interaction within your network. \n\n;social;https://drive.google.com/file/d/1tD1gcaIte3k_YpGzcxnJfqz7M9hj92O7/view?usp=share_link
xAurum BTC;xaurumbot;xAurum bot is a free service that simplifies Bitcoin investment using a dollar cost averaging strategy. Automatically invest $10 daily into BTC and build your holdings over time without the need to understand the intricacies of market orders or worry about market volatility.\n\n;WEB3 tools;https://drive.google.com/file/d/1cQ4mDzKTZu9SEk1htqhPvQilV13cxIMJ/view?usp=share_link
catparadise;catparadisebot;CatParadise serves as a gateway to the P2E game world within Telegram's web app ecosystem, inviting users to a playful and lucrative gaming experience. Engage in a selection of cat-themed games, each promising fun, competitive play, and the opportunity to earn rewards. \n\n;game;https://drive.google.com/file/d/1gkdF3-BuyScUUwOtP62QrxDd3LhSwBfy/view?usp=share_link
dedust.io;dedustbot;DeDust.io, a leading decentralized exchange, is now part of the Telegram Web Application suite, offering a seamless integration into the blockchain world. This platform provides the convenience of DeFi trading within the familiar environment of Telegram. \n\n;WEB3 tools;https://drive.google.com/file/d/1NrdQrsq4J3l2vHePhbcI9tU8UjzxOHDd/view?usp=share_link
egg fight club;egg_fight_demo_bot;Egg Fight Club is a captivating game, blending rock-paper-scissors mechanics with the excitement of winning 600 TON. It offers a unique gaming experience where the last egg standing wins it all. \n\n;game;https://drive.google.com/file/d/1_68gH_VOgKu9iBEh-PO4UNLgbfabUG42/view?usp=share_link
hipo app;hipofinancebot;Hipo offers a straightforward way to stake TON and earn rewards. Starting with as little as 1 TON, it lets you participate in the world of staking with almost any budget.\n\n;tools;https://drive.google.com/file/d/1n9Tk2qxqezwbcVkV8VEef378tOJgSrgp/view?usp=share_link
calendry;calendrybot;Calendry simplifies the process of organizing your day and booking meetings directly within your favorite messaging platform.;tools;https://drive.google.com/file/d/1WTWGU62LEjTWaRmDH_H0RZ_gI1vV0kKB/view?usp=share_link
water reminder;h2o_notity_bot;Discover Water Reminder, a valuable app, designed to help you maintain a healthy hydration routine. This bot is your personal assistant in achieving the right water balance for a healthier lifestyle. \n\n;tools;https://drive.google.com/file/d/1teQbPoY7fNyrBgrwI8LBH4JQtNfuSqs3/view?usp=share_link
avia tips;aviatipsbot;Start your week embarking on a dream journey with AviaTipsBot. This app is designed to help you track flight ticket prices, ensuring you never miss out on the best deals. \n\n;tools;https://drive.google.com/file/d/1WgqyX5pzL_ckhhZO_OSVZQ7sPUhUZwwm/view?usp=share_link
shareON;share_on_bot;ShareON presents an innovative experience on Telegram, redefining user interaction with content. It's not merely a platform for reading and sharing, but also a portal to earning web3 rewards. \n\n;WEB3 tools;https://drive.google.com/file/d/1J_dsyOpFTSofUZjFZDFU3wVHKkt4T8JD/view?usp=share_link
UTask;utaskbot;With UTasks you don't need to switch to an external application, you can set tasks and appointments right inside your favorite messenger. \n\n;tools;https://drive.google.com/file/d/1zBSjrafAF_MKlQP1MVFjK-z-fJxecvGB/view?usp=share_link
stakee;stakeebot;Stakee combines simplicity and reliability with the promise of maximum earnings at minimal fees. This platform reimagines staking within the TON ecosystem for enhanced user experience. \n\n;WEB3 tools;https://drive.google.com/file/d/15zfjt8ZfQfhN2yo1ufOjvrkqyQ1KuDqZ/view?usp=share_link
spin the bottle;spinthe_bot;Discover Spin the Bottle, an engaging game that offers a unique approach to meeting and interacting with new people. This game brings the excitement of spinning the bottle into random chat rooms, creating opportunities to make friends and maybe even find love. \n\n;social;https://drive.google.com/file/d/1t3IUM4AYGWUSxbJEFJmmUawJoeN712db/view?usp=share_link
smartdeer;smartdeer_prod_bot;"Welcome to SmartDeer, an app designed to assist you in finding your ideal job. With SmartDeer, the journey to your next career opportunity is personalized and streamlined. \n\n
Enhance your experience by connecting your TON-wallet, unlocking additional features and opportunities provided by SmartDeer. Also the app provides you with daily job matches, sent directly to you in concise messages, introducing you to exciting earning possibilities. \n\n
";WEB3 tools;https://drive.google.com/file/d/1X_yHWdaYgYzOHxSwBpDfj7aItzFWmont/view?usp=share_link
cointry;cointrybot;Meet Cointry, a convenient expense tracking chatbot, designed to simplify recording your daily spendings.\n\n;tools;https://drive.google.com/file/d/1CJcHvuDq49roCj3R5aMNZmrn4OGkjPVn/view?usp=share_link
geek track;geektrackbot;"Explore Geektrack, a versatile app designed for logging and analyzing your exercises, habits, spendings, and more. It's your personal tool for self-improvement and lifestyle tracking. 
\n\n";tools;https://drive.google.com/file/d/1OTAHL7wmHLrVdRLxBVk7P_iz02CJJMZU/view?usp=share_link
EVAA protocol app;evaaappbot;"ntroducing EVAA Protocol, the first lending protocol on TON Blockchain, now integrated within the Telegram ecosystem. This app offers a decentralized platform for easy lending and borrowing of tokens. \n\n
With EVAA, borrow tokens using others as collateral, benefiting from fair interest rates that adapt to market demand and supply. The platform ensures lender security with an automatic liquidation system for under-collateralized loans. \n\n";WEB3 tools;https://drive.google.com/file/d/18fTaLAi8vv0mU8wifTLUeRIz1h27Zkm7/view?usp=share_link
fanton;fantongamebot;The world of Telegram gaming lights up with an electrifying event! Fanton collaborates with ROoLZ for a special tournament, boasting a prize pool of 400 TON. Best part? It’s free to enter!\n\n;game;https://drive.google.com/file/d/1zq4oIld3QYxjr1iaXoxVT-J-bR5cGC6J/view?usp=share_link
news bullet;newsbulletbot;NewsBullet is the most convenient crypto news feed bot on Telegram. Transform your group into a dynamic information hub, simplifying how you stay updated with the latest in cryptocurrency without the clutter of unnecessary information.\n\n;WEB3 tools;https://drive.google.com/file/d/19LaVI4R-UaOLJ6xVMbdPdYqookdRlqKf/view?usp=share_link
storm trade;StormTradeBot;Storm Trade, the first-ever leveraged trading platform on TON blockchain, is now accessible through Telegram via mini app. There you can trade various assets, including cryptocurrencies, commodities, and forex, making it a versatile option. \n\n;WEB3 tools;https://drive.google.com/file/d/17gYJPUd2VcJajIHoRTKzBTL22es11ZG9/view?usp=share_link
photo translator;phototranslator_bot;Introducing Photo Translator, a cutting-edge Telegram tool designed to make translating text from images a seamless experience. Simply send a photo containing text to the bot, and receive a message with a detailed translation in moments. \n\n;tools;https://drive.google.com/file/d/15UBKF8HKMtaaPH9jyvmhybGCS77lR2EU/view?usp=share_link
whale detect;whaledetectbot;Whale Detect is a bot that offers automated detection of large cryptocurrency transactions across 18 popular coins: from Bitcoin and Ethereum to Chainlink, Uniswap, and of course TON. It provides a way to stay updated on significant market movements without manual effort. \n\n;WEB3 tools;https://drive.google.com/file/d/1pfxdpdgf-mVqsYEt8pvuxCebgr-XZ2YI/view?usp=share_link
bot write;botwritebot;"Botwrite is a comprehensive online toolkit designed to simplify the creation and management of Telegram bots. \n\n
After obtaining an API token from BotFather for your new bot, Botwrite becomes your central hub for bot development. It offers a wide array of functionalities to enhance your bot, allowing for the creation and editing of commands, menus, inline keyboards, forms, and quizzes. \n\n";tools;https://drive.google.com/file/d/1R9t32uOEbev9yPWJdq0bPo1SDWdHlZ32/view?usp=share_link
coin craddle;coincraddle_change_bot;Introducing CoinCraddle, a powerful tool from the popular limitless crypto exchange now available on Telegram. This bot streamlines the process of exchanging cryptocurrencies, ensuring quick and seamless transactions without any hassle. \n\n;WEB3 tools;https://drive.google.com/file/d/1v2uzFvzCxPyIfeYvtspUbY9rVU4LDojt/view?usp=share_link
towim;towimbot;"Towim, a distinctive dating and networking platform tailored for web specialists and enthusiasts. Towim offers a unique space for like-minded individuals to connect. \n\n
Create an engaging portfolio on Towim by showcasing your achievements, projects, and skills, along with links to your social media profiles. Navigate through incoming and outgoing requests and manage your whitelist, all within the app's intuitive interface. \n\n";social;https://drive.google.com/file/d/1B8oSxxpis4LNBL7D2lYpAfoFP17jE3n2/view?usp=share_link
charge me;chargemycar_bot;Discover ChargeMe Bot, a great solution for electric vehicle drivers. Accessible directly through Telegram, this bot simplifies the process of locating the best charging options around you. \n\n;tools;https://drive.google.com/file/d/1jEE69mIWYq9pR412qz1OQKl1bQzLMcTY/view?usp=share_link
click arbuz;wmclick_bot;ClickARBUZ is an engaging clicker game with a $1,000,000 prize pool in tokens, perfect for every Notcoin fan and web3 enthusiast. This bot extends beyond simple watermelon tapping, providing a richer competitive experience. \n\n;game;https://drive.google.com/file/d/142NUTsTzRF5slvCarPY_7WqLQrrun5gI/view?usp=share_link
career craft;careercraft_bot;Welcome to CareerCraft, a groundbreaking service designed for performers and clients alike, transforming Telegram into a dynamic freelance exchange. This bot facilitates the creation and discovery of services or jobs, ensures safe transactions, and fosters collaboration among professionals. \n\n;tools;https://drive.google.com/file/d/1LRTgxfDK_I2X7t5-8CgQLcDd9nP_N7xm/view?usp=share_link
callegram;callegrambot;Callegram is a Telegram-native bot designed to make call scheduling a breeze. Choose the days you're available, from Monday to Sunday, and select your convenient time intervals: Early, Default, or Late. Once set, this schedule can be shared with anyone, enabling them to coordinate calls based on your convenience. \n\n;tools;https://drive.google.com/file/d/1SW4Er7GODNMUwxHh4iZDbUxKxijCYzev/view?usp=share_link
screensuggest;screensuggest_bot;Discovering your next film or series is seamless with ScreenSuggest, your AI assistant for evening entertainment. It provides tailored recommendations that align with the unique preferences of each user. \n\n;tools;https://drive.google.com/file/d/1psYkkP7xGBjSsBrcU3LqdENYFGj9iYdd/view?usp=sharing
chess;chesscontestbot;Chess is now ready to elevate your Telegram chats with the timeless strategy of chess. Whether seeking a friendly match or a duel to settle scores with your old enemy, this bot transforms your chat into a battleground of wits. \n\n;game;https://drive.google.com/file/d/1Z5UleVa5TL__5GaCLpZKbfr54UG8qGtX/view?usp=sharing
wanderlust;wander_lustbot;"Wanderlust is a personalized travel oracle within Telegram, offering a gateway to uncover new destinations and experiences. \n\n
With Wanderlust, exploring is effortless and intuitive. Share a destination name and bot will unveil a selection of captivating sights for you to venture. Historical landmarks, cultural museums, gastronomic delights, and outdoor escapades — all these and more are accessible through Wanderlust's insightful suggestions. \n\n";tools;https://drive.google.com/file/d/134y3dwIX99MXJhrh8YioO7v-4ZoxcK2T/view?usp=sharing
animoji;animoji_bot;Discover the Animoji Center on Telegram, where a colorful array of stickers and animojis await to brighten your conversations. With this feature, finding the perfect expressive image is effortless and enjoyable. \n\n;tools;https://drive.google.com/file/d/1oW4uYLdYckyJc3eXNKG00VF-mHu0QCwe/view?usp=sharing
fast food memes;ffmemesbot;Fast Food Memes delivers a collection of nearly 19,000 beloved memes from around the globe directly to your screen. Starting your humor journey is as simple as pressing the /start button, and then the laughs keep rolling in. \n\n;tools;https://drive.google.com/file/d/1YWAsaDdLwUUEifBzF7_y6NG0cAZ2LthF/view?usp=share_link
uno;uno9bot;UNO offers a world of fun and competition. You can connect with friends or face off against random players from around the globe. It's all about skill, strategy, and a bit of luck. When setting up a game, you have the option to choose the size of the bet using special game points, or you can opt for a free match. \n\n;game;https://drive.google.com/file/d/1D7PcRSNwEW1m3ZlBjua4kJBECh_PfYvG/view?usp=share_link
wordtle;wordtlebot;WordTLe brings the challenge and fun of the world-renowned Wordle game right into your Telegram. It offers a brain-teasing experience, giving you six chances to guess a five-letter word.\n\n;game;https://drive.google.com/file/d/1EPzdkcq5JAR4X62JbfsOVKpLW4Z8nw5G/view?usp=drive_link
friends factory;fabrika;Discover the engaging world of Friends Factory, a Telegram game combining strategic management with playful competition. Your mission? To rise in the ranks by maximizing profits through clever management of your virtual workforce. \n\n;game;https://drive.google.com/file/d/1cy7arE2regYvuIwS8BCNho91DYesg0uc/view?usp=drive_link
paintbot;paintbot;Paint Bot provides an intuitive drawing interface, making it simple to express your creativity in vibrant ways. Whether you're doodling alone or creating collaborative masterpieces with friends, Paint Bot is your canvas for all things creative. \n\n;tools;https://drive.google.com/file/d/1n6Hf1Vv1f_YTP66xG1bBMTuqzpFihp53/view?usp=drive_link
daily digest;daydigestbot;Introducing Daily Digest, a tool designed to keep you in the loop with your Telegram group chats, even when you're short on time. Perfect for those who juggle multiple groups, from friends' chats to residential complex discussions, this bot ensures you never miss out on the key conversations. \n\n;tools;https://drive.google.com/file/d/117kbmuFLFN5BKbXCXWka478TkGyfyV_-/view?usp=drive_link
instaquiz;quizzbot;InstaQuiz transforms Telegram into a dynamic trivia battleground. It allows users to engage in exciting real-time quiz battles with friends, testing their knowledge across various categories, from Animals to Entertainment, Movies, and Video Games. \n\n;game;https://drive.google.com/file/d/1Q_mPjIypIh6plWB3vGACU2Wn-TBVYgO7/view?usp=drive_link
jigsaw;jigsawpuzzlebot;Discover Jigsaw, a delightful addition to the newly introduced #contest category in Apps Center. With Jigsaw, you can transform any picture into a puzzle and solve it with friends, all within the convenience of your favorite messaging app. \n\n;game;https://drive.google.com/file/d/1uZkbzENpn38YVctEhd14HU6sciR3kffx/view?usp=drive_link
movie matcher;movie_matcher_bot;"Explore a world of cinematic possibilities with Movie Matcher, a gem from the #contest category in Apps Center. Whether you're planning a group watch or seeking a solo cinematic adventure, this app has you covered. \n\n
Movie Matcher lets you choose from a diverse range of genres, including Comedy, Drama, Western, and Science Fiction, along with selections from different eras, from the 1910s to the 2020s. Then it provides a selection of top movie picks for you to swipe through, helping you find films that resonate with your taste. \n\n";tools;https://drive.google.com/file/d/1o6nzZ-EqE2brI0bA1izEPjcnlC5niC-f/view?usp=drive_link
naval clash;naval_clash_bot;Naval Clash offers flexible gameplay options: you can either challenge a friend or face a random opponent. Starting a game is hassle-free. The bot provides a link for playing with a friend, which you can share with your chosen rival. Once they click the link and join, the strategic battle commences. \n\n;game;https://drive.google.com/file/d/17ErAHwMaTtAswKskmZhwuxK5_uCtC3Qu/view?usp=drive_link
friends on map;friendsbot;With Friends On Map, you can easily share your location with friends by sending a special link to any chat or channel. Each chat generates a unique map using Mapbox technology, allowing you to follow people and add them to your personal map, which is accessible directly in your chat with the bot. \n\n;social;https://drive.google.com/file/d/1eJY0ymD4lWRCKbg1hGPyglptrFmwZ2Dk/view?usp=drive_link
notepher;notepherbot;Discover Notepher, the intuitive Telegram Mini App, revolutionizing note-taking within your favorite messenger. This bot is all about bringing simplicity and efficiency, making it easy to capture ideas and organize tasks.\n\n;tools;https://drive.google.com/file/d/1NUp5vlcK7WA4wcR63HyH_a5lAervSFmp/view?usp=drive_link
textgears;textgearsbot;With this bot, spotting and correcting errors becomes effortless. Simply paste your text into the special field, and watch as TextGears highlights mistakes, offering correct word suggestions. Features like easy text clearing, copying, or rechecking are integrated for a smooth editing process. \n\n;tools;https://drive.google.com/file/d/1p5ptS5ndY8PEFSzaxrDtJnoL3ugLhnq3/view?usp=drive_link
secret santa party;santapartybot;"Celebrate the holiday season with Secret Santa Party. This bot transforms your festive gift exchanges into a seamless digital experience. \n\n
Start by creating a party, set a specific budget for gifts, and share the party link with friends and family to join in the fun. Participants can fill out their wish lists within the party, ensuring everyone knows what to gift. With just a simple button press, Secret Santas are randomly assigned among the group, adding an element of surprise. \n\n";social;https://drive.google.com/file/d/11wiP-KWVg0m-EFJ7S-tJKwtoIg7xOPDb/view?usp=drive_link
notelly;notelly_bot;Introducing Notelly, a simple yet powerful note-taking bot designed to capture your essential thoughts, manage daily tasks, or keep your shopping and to-do lists organized, all within Telegram \n\n;tools;https://drive.google.com/file/d/19omArCVk8lG3kUKItlJ7S2okDWqv7AP6/view?usp=drive_link
mini chess;minichessbot;Elevate your Telegram experience with MiniChessBot. Whether you're looking to outmaneuver friends or simply enjoy a game of strategy, this bot offers the classic chess experience for everyone. \n\n;game;https://drive.google.com/file/d/16CcJT3yHNX_j6eTzloOITIoGejketDTJ/view?usp=drive_link
convene;convenebot;Meet Convene, a bot designed to simplify event planning within your favorite messaging app. Whether organizing a casual get-together or coordinating a formal meeting, Convene makes it effortless. \n\n;tools;https://drive.google.com/file/d/1s8mkHsxFjXdHg9xGeVPMOpLaeCieIHOm/view?usp=drive_link
pomodoro;pomodorrro_bot;Discover the Pomodoro, a classic timer designed to enhance your concentration and productivity right within Telegram. If you're seeking a simple and effective way to stay focused, this bot is your ideal companion. \n\n;tools;https://drive.google.com/file/d/14IvNWAtza6T9NKxIvmpgEffY6xhSyLcs/view?usp=drive_link
breath of calm;bcalm_bot;Discover Breath of Calm, a Telegram app offering a peaceful journey into rhythmic breathing and mindfulness. Its straightforward interface invites immediate use, ideal for moments needing calm and focus. \n\n;tools;https://drive.google.com/file/d/1SMwvQf_1DGVET8mOROO_R_3gwCycx-0o/view?usp=drive_link
iCrypto;icryptoaibot;Welcome to iCrypto, the pioneering AI bot, designed to be your personal on-chain guru. This app is a treasure trove of insights for anyone looking to navigate the dynamic world of cryptocurrency. \n\n;WEB3 tools;https://drive.google.com/file/d/1itXeCNvsf-CtkllzerLJN94R4FZEJjZx/view?usp=drive_link
tap fantasy;tapfantasygamebot;Tap Fantasy, the thrilling MMORPG that has recently gone live on the TON blockchain, offers an immersive experience that perfectly blends adventure and earnings. With its own economic model, this game invites you to an epic journey in a mystical world. \n\n;game;https://drive.google.com/file/d/1XoLEKq_XnqZNHxilyBF514mlavr08-r3/view?usp=sharing
bitget;bitgetofficialbot;Welcome to Bitget, the latest Telegram Web App, hailing from one of the largest crypto copy trading platforms. This bot is a significant addition to the web3 ecosystem, offering all Telegram users the chance to complete tasks, earn points, and swap them for rewards.;WEB3 tools;https://drive.google.com/file/d/1WS4Vfqaf13nXUB85vzoxyvup_TuFFJmC/view?usp=drive_link
AI Astrologer;ai_astrologer_bot;Delve into the cosmos with AI Astrologer, a unique Telegram bot that blends astrology and artificial intelligence to provide personalized insights. It's the perfect companion for those curious about how their birth date might align with their destiny. \n\n;tools;https://drive.google.com/file/d/12SkXA23hYSn0REmsZV7BD619UPvvoUkU/view?usp=drive_link
synchronist translator;syncronist_bot;Introducing Synchronist Translator, a revolutionary app that offers instant translation of text and voice messages. Designed to make communication seamless across languages, this bot is a must-have for anyone looking to bridge language gaps.\n\n;tools;https://drive.google.com/file/d/1dUIXiwYwMBPEATqvJzZRwkDXNHHLu_fP/view?usp=drive_link
link fork;linkforkbot;Discover LinkFork, an innovative mini-app designed to streamline your social media experience. It's the perfect tool for managing and sharing links to your various social network profiles, all within the comfort of Telegram. \n\n;tools;https://drive.google.com/file/d/1MjPkJgsTUnUQzHsw4VrLYhlcu6E0yn2n/view?usp=drive_link
gatto;gatto_gamebot;"Gatto, a captivating Play-to-Earn game that combines the joy of raising virtual pets with the thrill of competition, all while earning TON.\n\n
In Gatto, you can expand your personal 8x8 district with different biome cells, which opens the door to raising new pets from eggs of varying rarities. Enhance their skills and happiness level through care and training. Purchase outfits and power-ups from the Shop to boost your pets' abilities and customize their appearance. \n\n";game;https://drive.google.com/file/d/1xRAQrsfJ0nrNnG3LvrT4AFCFjJ9lGKi7/view?usp=drive_link
teleminal;teleminalbot;Meet Teleminal, a sleek and efficient terminal tool, designed to manage servers via SSH connections effortlessly. This bot combines the convenience of Telegram mini-app UI with the functionality of Secure Shell protocols, providing everything you need in that field.\n\n;tools;https://drive.google.com/file/d/1kUrkMwvpFU5qNp3ZFspGTXupYoFscM7X/view?usp=drive_link
accurate horoscope;accurate_horoscope_bot;Accurate Horoscope brings the universe's wisdom to your Telegram, offering personalized astrological forecasts every morning. It lets you start your day aligned with the stars, providing insights into various aspects of life. \n\n;tools;https://drive.google.com/file/d/1v7svdTydaGPV7KjHAAvkDge-0JNvF8CN/view?usp=drive_link
my links;tonlinksbot;Introducing My Links, the ultimate social networking hub, designed to centralize all your social media profiles and links in one convenient location. My Links is the starting point of the Telegram for Business ecosystem, enhancing your online interaction and audience engagement. \n\n;tools;https://drive.google.com/file/d/1do83TquFfWf_4T1C1LsbHTIRXtriLA0k/view?usp=drive_link
fit journal;fitjournal_bot;Fit Journal, a Telegram app dedicated to keeping a comprehensive workout log right within your favorite messaging platform.\n\n;tools;https://drive.google.com/file/d/1PQuSSDCI22DXXkI4oBbTjyF7YwQnbY-G/view?usp=drive_link
gmail bot;gmailbot;Gmail Bot transforms Telegram into a functional email client, allowing you to manage your inbox and send replies without switching apps. With this bot, checking, composing, and responding to emails becomes as easy as sending a Telegram message.\n\n;tools;https://drive.google.com/file/d/1Ja6a7hTIOZicOsco9FDdWz50yHtbSgxb/view?usp=drive_link
dr web;drwebbot;Dr.Web, a bot designed to provide comprehensive malware checks just within Telegram. Users can send files up to 20MB directly or forward suspicious content from other chats. When added to groups, it actively monitors and scans all shared links and files, alerting you to any potential threats.\n\n;tools;https://drive.google.com/file/d/1xkVPwrC4HDwJPiNCeVTUM53Q5ROVa7wt/view?usp=drive_link
quiz bot;quizbot;Quiz Bot turns any Telegram chat into a dynamic trivia session, allowing you to challenge friends and family with custom quizzes. With its user-friendly interface, creating multiple-choice quizzes becomes a breeze. Enhance your questions with additional media or text and even impose time limits for added challenge. \n\n;game;https://drive.google.com/file/d/1QvrCoZYQoKs8yVdcKKwmXEz4XxBpqk4D/view?usp=drive_link
2048;playgame2048bot;Unwind with the captivating game of 2048, a simple yet addictive puzzle that has charmed millions. Slide tiles across the board to combine them, aiming to reach the elusive 2048 tile. But beware, the game is trickier than it appears, with the potential to box yourself into a corner with just a few misplaced moves.\n\n;game;https://drive.google.com/file/d/1O5amIOB3wWiPpJHl1NP114aVqxP_vmNl/view?usp=drive_link
avatarify;avatarify_bot;Avatarify transforms any photo into a dynamic song video. This bot allows you to easily bring portraits to life: simply send a photo with a visible face, choose a song, and watch as the person in the photo singing your selected tune.\n\n;tools;https://drive.google.com/file/d/19Daslcqdy1LhWgHLecDsv2SZvsDfg7dJ/view?usp=drive_link
STON.fi dex;ston_fi;STON.fi, a popular decentralized exchange on TON with minimal fees and a vibrant community, is now accessible through the mini-app. As Telegram becomes the primary DeFi messenger, STON.fi aims to enhance its functionality and accessibility, offering all the features of its DEX directly in your messenger\n\n;WEB3 tools;https://drive.google.com/file/d/1bOOO3q_YUajkwzTZOc4RpySb6FSIzBWR/view?usp=drive_link
pomidorka;pmdrkbot;Meet Pomidorka, a timer in a mini-app format designed to boost your focus and productivity. For those in search of a straightforward yet effective method to improve your effectiveness, this bot stands out as an ideal tool.\n\n;tools;https://drive.google.com/file/d/1cJGpGX7OHn2IyAOnuX5id1WtPdLJeBi_/view?usp=drive_link
game factory bot;gamefactorybot;GameFactoryBot, your gateway to engaging online chess matches. This bot allows you to create and share chess games, turning your favorite messaging app into a battle of wits and strategy.\n\n;game;https://drive.google.com/file/d/1TGPysAw0snmiAb9gb8QPnw_BhlvgyS9M/view?usp=drive_link
play wallet;playwalletbot;Play Wallet, the convenient mini-app for purchasing digital services and top-ups for Steam, is rolling out significant improvements after we introduced it a few months back.\n\n;WEB3 tools;https://drive.google.com/file/d/1RWQnzeT-Iu1MucIvPZijNeU2DIExbWzV/view?usp=share_link
bemo;bemo_finance_bot;bemo, the pioneering liquid staking platform on TON blockchain, is now accessible directly through Telegram. Stake TON effortlessly and receive stTON to freely use in DeFi, offering an exclusive chance to earn 25% APY and receive $BMO tokens during the upcoming airdrop.\n\n;WEB3 tools;https://drive.google.com/file/d/1T-HoxENUrQVqFl3-OX_q5SbC8gFCr7id/view?usp=share_link
TON stakers;tonstakers_bot;"Tonstakers revolutionizes the way you engage with TON Blockchain, offering a liquid staking solution directly within Telegram. \n\n
This mini-app transforms the staking landscape by allowing you to earn attractive APY rewards while ensuring your assets remain always accessible. Simply deposit Toncoin to receive tsTON tokens, which represent your staked amount plus rewards, yet remain liquid for use in DeFi.\n\n";WEB3 tools;https://drive.google.com/file/d/1BPlGh5xHi02F9wGk0xqNvyLe0C_xq3f0/view?usp=share_link
guardify AI;guardifybot;Guardify is the AI-powered bot designed to revolutionize crypto community management. As a vital tool for ensuring a safe and thriving environment, Guardify AI combines advanced features to safeguard and enhance group interactions.\n\n;WEB3 tools;https://drive.google.com/file/d/1d1PyiBzozU_fW8eJaVmSc_OYnJRoNeqH/view?usp=share_link
the queue;thequeue_bot;The Queue, a unique game where patience and perseverance is all you need to win a valuable prize. Simply link your TON wallet and aim to be the last person standing in the queue.\n\n;game;https://drive.google.com/file/d/1JE48UGh7WvHMXOj3cTHusNjUhEyoVbeY/view?usp=share_link
nimbus bot;getnimbusbot;Nimbus Bot designed to simplify managing your crypto assets. With support for over 60 chains and centralized exchanges, this tool brings all your investment information into one accessible place, offering a tailored analysis and personalized portfolio overview\n\n;WEB3 tools;https://drive.google.com/file/d/1RPFtMOOyK85SDZhJOaH6g_9ebb2Hd01w/view?usp=share_link
eltsy;eltsy_bot;"It's been a long time since we've had new bots for learning languages, so today we introduce Eltsy, an AI helper designed to assist with IELTS exam preparation. This bot offers personalized assistance to elevate your IELTS scores through simulated tests, response analyses, and tailored tips. \n\n
Eltsy provides a comprehensive suite of opportunities for exam takers. You can practice academic writing, engage in academic speaking exercises through voice messages, and receive detailed feedback pinpointing your mistakes.\n\n";tools;https://drive.google.com/file/d/1-wUm-aKnaBQFsPdK44SNNj07isQX-tIW/view?usp=share_link
telegram moments;tgmoments_bot;Introducing Telegram Moments, a simple yet exciting bot that brings the power of TON Blockchain to your messenger. This bot offers a unique service: minting and verifying Telegram posts and messages as NFTs.\n\n;WEB3 tools;https://drive.google.com/file/d/1Zi4sPEBYTg2ej71d5Aeoskv-dpDXwNq_/view?usp=share_link
lucky draw master;luckydrawmasterbot;Lucky Draw Master is the viral marketing tool, designed to boost the popularity of channels and groups. This innovative bot allows you to host engaging draw events, attracting a wide audience and sparking rapid growth.\n\n;tools;https://drive.google.com/file/d/1nzfi1OZILD6xll5ON-kXwZ8uaFxITDmJ/view?usp=share_link
meet;meet_met_bot;Discover Meet, the modern dating app seamlessly integrated into Telegram, designed to connect users with new friends and potential partners without ever needing to leave the messenger. Meet stands out by providing a secure and advanced platform for finding companionship and romance globally.\n\n;social;https://drive.google.com/file/d/1KhQqFPsn-bIw0M6ncxGXgIfaIJASV2JS/view?usp=share_link
the pixels;the_pixels_bot;The Pixels, a social multiplayer game in a famous Pixel Battle format right inside Telegram. Join forces with your squad, conquer the canvas, and earn $PXL coins by painting your masterpiece.\n\n;game;https://drive.google.com/file/d/1KjdJ_6BrFM3_P69AnnOTLlhzJCmdbSo1/view?usp=share_link
TonUp launchpad;tonup_launchpad_bot;"TonUP is one of the leading TON launch platforms, aimed at discovering and developing innovative crypto projects. \n\n
With the support of renowned partners such as TON Foundation and TONcoin.Fund, the platform ensures reliable backing for projects, which undergo a rigorous selection process based on several important criteria.\n\n";WEB3 tools;https://drive.google.com/file/d/1f7OSP6_on6N_mIEXEC-5jxyR9tB2h4lT/view?usp=share_link
ton raffles;tonraffle_bot;Ton Raffles Bot is the place where you can keep up with the latest news from the launchpad, engage in unique activities, and win WL, discounts, or NFTs. $RAFF is the utility token of the Ton Raffles ecosystem that offers 327% Annual Percentage Rate (APR) for every liquidity provider in the RAFF/TON pair on STON.fi exchange\n\n;WEB3 tools;https://drive.google.com/file/d/1w4BlN906JYOwO3_c1XaG2fX7KBsh9olK/view?usp=share_link
briefly;brieflyshort_bot;Briefly, a bot designed to make your information consumption as efficient as possible. Whether it's URLs, PDF documents, posts, messages, or even YouTube videos, Briefly provides concise summaries to help you grasp the essentials quickly.\n\n;tools;https://drive.google.com/file/d/1EVfR5ofBZmu4KWFRFa_tv-a7bETxlpdc/view?usp=share_link
battles;fanzeebattlesbot;"Fanzee Battles mini-app for creating debates and its token $FNZ, which users receive for winning battles and completing daily quests. \n\n
Fanzee Battles allows you to join debates right in Telegram and create them on your own, competing with friends or other app users. You just need to choose a topic from the list, ranging from the crypto sphere to politics and pop culture, and fill in the information about the battle itself. The platform has a level system — «belts». The higher your level, the more opportunities become available\n\n";game;https://drive.google.com/file/d/1Tdqaszf9knoUb5zcICz_lCrNEeupJMCQ/view?usp=share_link
punk city;punkcity2094bot;Continuing to play and earn within The Open League, now featuring Punk City — a PvP project in a futuristic style, where participants must face off against each other in rock-paper-scissors format battles, choosing from one of three duel types: friendly, with bets in $TON, or in $PUNK.\n\n;game;https://drive.google.com/file/d/1ejQUmEp20lAKiz5trDlNcUfUtHHm5gzO/view?usp=share_link
instant form;instantformsbot;Instant Form, a mini-app for collecting feedback on Telegram, has just launched its Pro version, marking its most significant update yet. This new subscription tier brings a suite of powerful features aimed at enhancing your form creation and management capabilities.\n\n;tools;https://drive.google.com/file/d/1bMDPc94nqqBCMvb4sMuTiN3koQLcjdyN/view?usp=share_link
temp mail;tempmailbot;Temp Mail, a temporary email service designed to shield your real email from unwanted subscriptions, malware, and more. Available directly within Telegram, Temp Mail offers special commands to effortlessly create random disposable emails and maintain a history of all your created addresses\n\n;tools;https://drive.google.com/file/d/1B1sOG7DquSHhHuotSy4li248oGkEbCo4/view?usp=drive_link
taroscope;taroscopebot;"Discover Taroscope, your personal Telegram gateway into the mystical world of tarot.  \n\n
Whether you're curious about relationships, career prospects, your future love partner, or seeking a forecast for the next day or the entirety of 2024, Taroscope offers readings tailored to your questions in just one minute. \n\n";tools;https://drive.google.com/file/d/1CPo_fNuR64K5VZAvqRrgFhv5V0KwFYci/view?usp=drive_link
owxolbot;owloxbot;OwloxBot is a convenient tool that offers a seamless shopping assistant service, enabling you to track price changes and product availability in almost any online store.\n\n;tools;https://drive.google.com/file/d/1heZLHDDwioK8TsTlRzGuVwdwlVfFfzTe/view?usp=drive_link
catizen;catizenbot;Catizen, a captivating casual GameFi adventure developed on the TON blockchain ecosystem, brings you the Play-to-Airdrop experience. Since its Beta Test Version launch on March 19th, 2024, Catizen has already amassed an impressive player base of over 1 million, with more than 80k+ on-chain users and over 1 million on-chain transactions to date!\n\n;game;https://drive.google.com/file/d/1o7V_ZeKZRQX4rp9liWn3hDqnVoan5Ab_/view?usp=drive_link
rage battles;ragebattlesbot;Rage Battles is a turn-based RPG set in the enchanting world of Great Tonkan. Fight magical creatures, compete in tournaments, and uncover treasures in this early access game. With regular updates, player-driven markets, and thrilling competitions for TON rewards, it offers a rich multiplayer experience.\n\n;game;https://drive.google.com/file/d/16ddMK660qCSnXMOE4jUYN0S0hY4O2j8K/view?usp=drive_link
memefi;memefi_coin_bot;MemeFi introduces a simple yet engaging mini-app where you need to battle ghosts, earn coins, and immerse yourself in tapping action. This is really impressive how more and more projects are adopting the concept and using best practices from Notcoin to bring players into the world of P2E games.\n\n;WEB3 tools;https://drive.google.com/file/d/1govTf6J02gC-mZ-P2RNzjzY-YqFtuUUS/view?usp=drive_link
crypto exchange rate;curscryptobot;"Cryptocurrency exchange rate is a go-to tool for real-time price monitoring and notifications. Track a wide range of cryptocurrencies, from Toncoin and Ethereum to Dogecoin and Cardano, with updates refreshing every five minutes.\n\n
Tailor your experience in the Settings section, where you can adjust the language and set your default currency. For subscribers, the app offers the added benefit of creating custom alerts to immediately inform you of significant price changes based on your specified conditions — whether a price increase or decrease.\n\n";WEB3 tools;https://drive.google.com/file/d/1_m-TdlsGxbl8qqAcmQ5sFx4bFDw2zix0/view?usp=drive_link
royal fortress;royalfortressbot;Royal Fortress is a game in the idle defense genre where you fortify your tower to fend off relentless waves of skeletons, zombies, and ghosts. Currently in development, joining now offers a golden opportunity to secure impressive rewards, including future $HED coins, soon to be minted as tokens on TON Blockchain\n\n;game;https://drive.google.com/file/d/1NAz22q9hAqKxcUJNBfGeYtjWlmtbuOKX/view?usp=drive_link
wellzy ai;wellzybot;Meet Wellzy, an AI-powered Telegram bot that redefines your approach to health, nutrition, and wellness. Wellzy offers a unique Eat2Earn model, blending meal analysis, fitness tracking, and social games with rewards from the Web3 world\n\n;WEB3 tools;https://drive.google.com/file/d/13uXQ2IzeYpRcFV8lsGMKY6SWOe0s8w5W/view?usp=drive_link
ROoLZ quest bot;roolzquest_bot;Embark on an adventure with ROoLZ Quest Bot, a mini-app designed to immerse you in a world of anime, mini-games, and NFTs. Engage in various activities to collect points, which can be transformed into the GODL token later this year.\n\n;game;https://drive.google.com/file/d/1AiTLTLRWXeqiZ8zbNhQBY94SKApGQGJa/view?usp=drive_link
fortune cookies;fortuncookies_app_bot;Fortune Cookies App is your personal source for daily wisdom and tailored advice. Using cutting-edge AI technology, this bot crafts personalized messages based on provided data such as gender, age, and interests, ensuring every prediction is uniquely yours.\n\n;tools;https://drive.google.com/file/d/1V2wtZbjvZ-Vct_ij_-jqQYMIA9zd-fB3/view?usp=drive_link
yescoin;theyescoin_bot;Yescoin is the latest pixel-style clicker game where you earn Yescoins by simply swiping your finger across your phone screen. Join squads linked to Telegram channels and groups, climb leaderboards, and invite friends to enhance the experience.\n\n;game;https://drive.google.com/file/d/1WRHQyDaos_sELo0l1vdOhd6WEHZurSFd/view?usp=drive_link
pocket rocket;pocket_rocket_game_bot;Pocket Rocket is a competitive Web3 space strategy game. Players engage in a dynamic universe where they can mine crystal rocks, enhance their spaceships, and compete with others to secure exclusive rewards and unique digital assets.\n\n;game;https://drive.google.com/file/d/16r8Nd2juXqP96xPbfQTdyk_bozgkkgBG/view?usp=drive_link
blockchain whispers;blockchainwhispers_bot;Blockchain Whispers is a comprehensive mini-app designed to address any cryptocurrency-related challenge. Whether you're a novice or a seasoned trader, this bot provides essential tools to enhance your Web3 journey.\n\n;WEB3 tools;https://drive.google.com/file/d/1nIdxFQ4QYDv8maHm9L-KzLaPcSAqNt1t/view?usp=drive_link
notmeme;notmemeappbot;NOTMEME is a mining app inspired by the Dune universe but depicted with a twist of ironic, poorly drawn art. This bot offers a playful entry into the world of cryptocurrency, whether you're a newcomer or a seasoned enthusiast looking to earn $NOTMEME tokens and participate in upcoming airdrop\n\n;WEB3 tools;https://drive.google.com/file/d/1aJN0LCf4icrl8X1CFcB2Y1Hwf0WCKATH/view?usp=drive_link
incognote;incogenotbot;IncogNote is a versatile Telegram bot designed to facilitate completely anonymous messaging. Whether you wish to send something without revealing your identity or receive anonymous feedback, IncogNote provides a secure platform to do so.\n\n;tools;https://drive.google.com/file/d/1DXleyKXqr2L3cn3kvO3zlBT8hE8mTXlg/view?usp=drive_link
microsoft copilot;copilotofficialbot;Exciting news from Microsoft Corporation — Copilot, an everyday AI companion, is now available on Telegram! Leveraging the power of GPT, Copilot enhances your productivity, sparks creativity, and simplifies complex information, making daily tasks more manageable and insightful.\n\n;tools;https://drive.google.com/file/d/1lLxB8ko_Byt-qMJ8oGfN7Z73OhjqfHGs/view?usp=drive_link
facemem;facemembot;FaceMem is a creative Telegram bot that combines your photos with any meme or picture you want. Simply send the bot two images — one with your face and another meme or sticker template — and watch as FaceMem works its magic, crafting unique and fun visuals.\n\n;tools;https://drive.google.com/file/d/1Ft0KO_XA-WM9NYKTVvBkbqqlUn8waqJF/view?usp=drive_link
connecton;connectonbot;Connecton VPN is a VPN protocol integrated with TON blockchain, now available through its own Telegram Mini App. This service offers complete anonymity, high-speed internet access, and a minimalistic yet understandable interface. Notably, you can pay for your VPN service using Toncoin.\n\n;WEB3 tools;https://drive.google.com/file/d/1xrIrheHqpome_oybr42v0yodCP9ZX74m/view?usp=drive_link
money tab;moneytabbot;MoneyTab is a helpful tool designed to streamline the way you manage subscriptions and shared expenses. This Mini App makes it easy to split bills, keep track of recurring payments, and oversee your spending without even needing to leave Telegram.\n\n;tools;https://drive.google.com/file/d/1Le9GO-MKf6s3NlUYx_gfN23fIRiguejN/view?usp=drive_link
hamster kombat;hamster_kombat_bot;Hamster Kombat, a Tap-2-Earn management simulation game, is planning to launch its hamster ecosystem, including onchain assets, on TON.\n\n;game;https://drive.google.com/file/d/1Jn3lbrJZBuaMqUXfu4VuDSL4w2CXbHWe/view?usp=drive_link
blum;blumcryptobot;Blum is the go-to Mini App poised to revolutionize crypto trading. Currently in its point farming phase, Blum is on track to evolve into a fully-fledged hybrid exchange. Developers promise seamless access to a wide range of coins and tokens, along with derivatives trading in the near future.\n\n;WEB3 tools;https://drive.google.com/file/d/1K_SF_pJ4aTsRet_RaGaKwPmTo7HVZOln/view?usp=drive_link
telegram shops builder;tgshopsbuilderbot;Telegram Shops Builder offers an easy way for anyone to create and manage their own online marketplace for free, without needing programming skills or business registration. Ideal for sellers of goods or food establishments with delivery or pickup options.\n\n;tools;https://drive.google.com/file/d/1fDqt3873yR19GVzbBTmExazUP5YH50Na/view?usp=drive_link
bcoin 2048;bcoin2048bot;Discover Bcoin 2048, where classic 2048 gameplay meets web3 technology. This Mini App allows you to merge tiles to mine Bcoins, with a unique halving feature that reduces Bcoin earnings after half are mined, incentivizing early participation.\n\n;game;https://drive.google.com/file/d/1Q5UUGhJQ9Uu8JKC2AzY5KPwkGner4vHB/view?usp=drive_link
terminal;terminalgame_bot;TERMINAL is a skill-based play-to-earn game. Decode encrypted words to earn points and qualify for the $TRMNL token airdrop, available to players with a 55% win rate or higher. Use mysterious «*» button if you struggle with guessing, but do it only at your own risk.\n\n;game;https://drive.google.com/file/d/1FwmY14vbH2yfvxEN0K_yCAqwvJfM70Ji/view?usp=drive_link
what's playing;whats_playing_bot;What’s Playing Bot is the ultimate tool for Spotify users. This bot allows you to seamlessly share the song you're listening to with just one click. Simply connect your Spotify account to the bot and use an inline query to share your current song or search for any track available on Spotify. \n\n;tools;https://drive.google.com/file/d/1-xk8ASap5iYRVSYvJLCEPLBpxllhxg24/view?usp=drive_link
tonagotchi;tonagotchibot;Tonagotchi is a simple Mini App inspired by the classic Tamagotchi game. Although still in early development, you can already engage with your pet by feeding, playing, and caring for it, all while earning MeoCoins.\n\n;game;https://drive.google.com/file/d/1_zmNP1LV2ZAnPOHBmnqOMp0dy7uGbYy_/view?usp=drive_link
tonpad;tonpadxbot;TonPad is a launchpad in the Mini App format that brings a new era of participation in crypto projects and decentralized marketing. Whether you want to launch or join ICOs, Public and Private investment rounds, or free Airdrops, TonPad offers a complete solution for all platform members.\n\n;WEB3 tools;https://drive.google.com/file/d/1sdbGknMh9c5vbN0hy2NnGS5Rv0z7wgCX/view?usp=drive_link
chessnode;chessnode_bot;ChessNode, a play-to-earn chess game that integrates the innovation of blockchain technology. Challenge opponents in real-time matches and leverage your chess skills to earn cryptocurrency.\n\n;game;https://drive.google.com/file/d/1rEwYPtZIWb6vS5SuaRa4602MxErbuBKo/view?usp=drive_link
gaspump;gaspump_bot;GasPump offers a secure and transparent platform for creating and trading tokens on TON Blockchain, ensuring authors cannot engage in scams or rug pulls thanks to robust smart contracts. This Mini App enhances the safety and integrity of the token launching process.\n\n;WEB3 tools;https://drive.google.com/file/d/1UHSKSCwd7fOlLJf4w-tPvj6ozS4uwjx2/view?usp=drive_link
gamee;gamee;Gamee, a verified Telegram bot and one of the largest Telegram gaming platform, now features the Wat Protocol for the TON ecosystem. Central to this new offering is WatBird, which introduces the opportunity to mine 1 billion WatPoints.\n\n;game;https://drive.google.com/file/d/1z1P6gY28fAH4_r_vsazihTitZoRFyS62/view?usp=drive_link
app 42;app42;App 42 is a Swiss Army Knife in the world of Telegram Mini Apps, designed to elevate your Telegram experience with a host of useful functionalities. If you've ever wanted to send creative, animated messages or discover how your friends have saved your name in their contacts, App 42 is your perfect companion.\n\n;tools;https://drive.google.com/file/d/1oebH0d78Xi3tU8DkMfsNq_AtRD0ik9ur/view?usp=drive_link
vibe AI;vibedatingbot;Vibe AI is a Telegram bot for enhancing romantic interactions. Designed to assist with everything from crafting impactful first messages to planning memorable dates, this bot is tailored to elevate your romantic journey\n\n;tools;https://drive.google.com/file/d/1uKMDaeZH-6uORrjBpXPkuOVaBh8hBb_R/view?usp=drive_link
who2who;who2whobot;who2who is a user-friendly expense calculator designed for convenient sharing and management of joint expenses right within Telegram. Ideal for anyone looking to streamline how they handle shared costs, from group travels to split bills at restaurants.\n\n;tools;https://drive.google.com/file/d/1AQWeg0Z8QO4EMN5GRsgk-oc_-9fhFIUs/view?usp=drive_link
image style;imagestyle_aibot;"ImageStyle is an AI bot that offers a quick and precise way to reinvent your digital personality. Ideal for those looking to surprise friends or craft a unique profile image, ImageStyle allows you to easily become anyone you want.
\n\n";tools;https://drive.google.com/file/d/1rVYyLBTSfZ51kjA4H6IwxFBw3aTIOF6f/view?usp=drive_link
scroo-g;scrooggamebot;Explore Scroo-G Game, a web3 Telegram game where managing a virtual duck farm leads to real cryptocurrency rewards. Start by owning a duck ranch, tap to pop falling eggs, and build your farm's infrastructure by completing tasks and upgrading iNests for increased passive income.\n\n;game;https://drive.google.com/file/d/1btSamd85rFNeV9rI_gRrJ3TwtL79xwWV/view?usp=drive_link
clayton game;claytoncoinbot;Discover Clayton Game, a new variation of the classic 2048 game, featuring Clayton, the blue mascot of this project on TON Blockchain. Immerse yourself in the exciting challenge of merging tiles to score 512 points within a tight 2 minutes and 30 seconds timeframe.\n\n;game;https://drive.google.com/file/d/10AIlL707uAH_klCxMa_evYYOpKebHtnK/view?usp=sharing
altery;altery;Altery, a popular financial service in the UK and Europe, is now available as a Telegram Mini App. This bot simplifies international transfers and payments, allowing you to manage transactions directly within Telegram.\n\n;tools;https://drive.google.com/file/d/1JXTgFS0OQo85XJ063rq9ZKHEtgSoCICt/view?usp=drive_link
captains bay;captainsbaybot;Captains Bay is a SocialFi clicker game where adventure on the high seas meets the world of cryptocurrency. In this Mini App, players take on the role of a captain, navigating through an epic journey filled with treasures, quests, and opportunities to explore the web3 landscape.\n\n;game;https://drive.google.com/file/d/1hLrRnG7AHEhafmE-s-FsC2ZvMQup8-n6/view?usp=drive_link
checkers with friends;startcheckersbot;Checkers is a timeless board game that you can now enjoy with your friends without the need to leave your messaging app. Start a game in any chat with a simple command and dive into the thrill of competition. \n\n;game;https://drive.google.com/file/d/1Vz1nwJZFInxsFt9C4MRxqh7l3OAnwHhP/view?usp=drive_link
cv bot;mathshubcvbot;Mathshub CV Bot is a powerful tool that helps you create a professional resume using GPT technologies. Inspired by Overleaf Jake's Resume, this bot optimizes the structure, design, and content of your CV to align with your personal career goals and industry requirements.\n\n;tools;https://drive.google.com/file/d/1SZLmN0t71gbJEdrgIBO0XZOsJwMjgVzg/view?usp=drive_link
tonalytics;tonalytics_bot;Tonalytics is a must-have Mini App for every TON Blockchain user, simplifying the monitoring and trading of tokens and NFTs. It lets you analyze your assets, buy or sell tokens with just one tap, receive push notifications for price changes, and get estimated floor price for all your NFT portfolio. \n\n;WEB3 tools;https://drive.google.com/file/d/1o_RB4KYimLWGrC8ycj_-EQGKG8U-AjIF/view?usp=drive_link
chessio;chessiobot;Chessio is the go-to Mini App for chess enthusiasts, offering a comprehensive suite of features. Participate in tournaments, challenge friends, or compete against the official Chessio bots with ten levels of difficulty — all with just one click.\n\n;game;https://drive.google.com/file/d/1m_bUYm6cHxRjBBozy6eAAm4ALa1YDvdj/view?usp=drive_link
hamsterdam play;hamsterdamplaybot;Hamsterdam is an economic strategy game where you manage a company, develop your startup, and shave hamsters — a humorous nod to the world of cryptocurrencies. Recently, this project won a prize at The Open League Hackathon from TON Foundation, and now it is ready to conquer the whole ecosystem.\n\n;game;https://drive.google.com/file/d/1OkgmYP8IESUtPAjGm7fHCBpuaDCb81Rx/view?usp=drive_link
major;major;Major is the first rating game on Telegram, where your goal is to upgrade your rank and become the top Major in the entire ecosystem. Starting from July, players with the best ratings will be rewarded with Toncoin, and other active users will have the chance to participate in different distributions.\n\n;game;https://drive.google.com/file/d/1blggHo09qWS35ZAhQnuzpr_ibe8uOgn1/view?usp=drive_link
boardgram;boardgrambot;Boardgram is a powerful and easy-to-use whiteboard tool right within Telegram. Whether you need to draw diagrams, create mind maps, design wireframes, or share them instantly as PNG files, Boardgram has you covered.\n\n;tools;https://drive.google.com/file/d/1ONawEI5bI5i7BoTtryTAb42cGoACaOhP/view?usp=drive_link
fintopio;fintopio;Fintopio is the ultimate payment ecosystem where you can store, send, and receive tokens easily using your Telegram username. This Mini App simplifies digital payments and boosts web3 adoption like never before. Packed with features like token swapping, a chat-like interface, and trusted security, Fintopio keeps assets accessible and safe.\n\n;WEB3 tools;https://drive.google.com/file/d/1bLc46cIkFMdFYOhRCx0HqhtkGPMarVjt/view?usp=drive_link
sheep royale 2;sheeproyale2_game_bot;Sheep Royale 2 - a dynamic multiplayer online strategy, where the main goal is to push the log to the enemy side, using your unique deck of game cards.\n\n;game;https://drive.google.com/file/d/1u3sG8Y-yoNUlxuYPEH63-ps9vttc1edO/view?usp=drive_link
bird;birdtonbot;BIRD is a GameFi project inspired by the popular Flappy Bird game, but with enhanced features. This Mini App offers more than just a regular clicker: here you can play a challenging game and earn $BIRD tokens, which will be launched on TON Blockchain by the end of the summer.\n\n;game;https://drive.google.com/file/d/1tESdtOf9J1p4oesY65Wbf6ZbH2MEO7a9/view?usp=drive_link
baboon;thebaboon_bot;Baboon is a decentralized platform that seamlessly integrates the gaming industry with the web3 world. This Mini App not only provides entertainment and the ability to earn crypto but also offers a place  for game publishers and indie developers to launch their products. \n\n;game;https://drive.google.com/file/d/1Uf2V0IfPSL6_bRpRa7fLU_2MOlNAFO59/view?usp=drive_link
nomis app;nomisappbot;Nomis App is your gateway to earning points, enhancing your achievements on The Open Network, and engaging in exciting tasks. It’s the first on-chain reputation scoring system using Soulbound Tokens (SBTs) stored in users’ wallets to assess and reward user activity\n\n;WEB3 tools;https://drive.google.com/file/d/1Mk8NeD_SoyXYsOELsXGe0kvqSRyaqhgL/view?usp=drive_link
memocard;memo_card_bot;MemoCard is a handy tool that simplifies the memorization process. This Mini App uses the spaced repetition method, ensuring you effectively review only what you need, making it ideal for memorizing anything from foreign words to geography or music theory\n\n;tools;https://drive.google.com/file/d/1WBrChH05xQ4cu2wVAEqvWu1K42zI4Z4J/view?usp=drive_link
tonmap;thetonmapbot;TON Map is a GameFi project that blends Swipe-to-Earn mechanics with the popular pixel wall concept. Here, users and companies can place images and slogans on a special digital map to promote their products to a crypto-enthusiast audience\n\n;game;https://drive.google.com/file/d/1t4jbnvLqk3YGUCwQSzuqZ7lx5bibuVpX/view?usp=drive_link
not bored puppies;notboredpuppies_bot;Not Bored Puppies is a GameFi community of young and ambitious enthusiasts, centered around an engaging clicker game where your main goal is to mine coins, develop your profile, and gain access to higher leagues.\n\n;game;https://drive.google.com/file/d/1A_dvn9TAFsqMfJ8IIzfJIB-uNSVSbcKH/view?usp=drive_link
pumpers;pumperstgbot;Pumpers is a popular token launchpad and trading Mini App powered by TON Blockchain, making it easy to create memecoins without scams, rug pulls, or presales. Every token on Pumpers follows a fair launch model, ensuring transparency and fairness. \n\n;WEB3 tools;https://drive.google.com/file/d/1jmQ4QG1GHYico7oLtIQUG1q-M1N576XI/view?usp=drive_link
seed;seed_coin_bot;SEED is a Play-to-Earn Mini App with big ambitions to become the next GameFi phenomenon. This leading web3 social gaming platform taps into the vast Telegram ecosystem, offering an engaging and rewarding experience for players worldwide\n\n;game;https://drive.google.com/file/d/1l03ZdLqsjwn9PmA27l_Mp_8l4rTrYjNx/view?usp=drive_link
sphynx;sphynxmeme_bot;Sphynx is a web3 PvP game set in a world inspired by Egyptian mythology, powered by TON Blockchain. This Mini App combines memecoin culture with decentralized gaming mechanics, offering both entertainment and real economic value.\n\n;game;https://drive.google.com/file/d/1_LWSBgA6aGim5JdRyzeZGnQeGhXjuSfc/view?usp=drive_link
shieldy;shieldy_bot;"Shieldy uses a straightforward captcha-like procedure to identify genuine users, reducing the potential for spammers on the platform. Moreover, Shieldy empowers you to personalize messages, manage protective settings, and adjust automatic message deletion times. It also offers more robust anti-spam measures, giving you comprehensive control over your group's spam management.
\n\n";tools;https://drive.google.com/file/d/1dxkoBA5PMIdFKUIzHT4e-nxRwhbqFn97/view?usp=drive_link
mobile;mobile;Mobile simplifies the process of getting internet access, especially while traveling. With just a few clicks, you can choose a country or region where you are staying, purchase an eSIM with either Toncoin or any credit card, and activate your eSim - you're all set to surf the web.\n\n;tools;https://drive.google.com/file/d/1gxFBseHXtDU_liOL1V93OKL_zxodtskW/view?usp=drive_link
chaingpt;chaingptai_bot;It offers a wide array of features that simplify the creation, debugging, and auditing of smart contracts. With ChainGPT, you can easily translate code into plain language, generate comprehensive documentation, and even conduct chart analysis.\n\n;tools;https://drive.google.com/file/d/1oOIPR4M3iwbQYnULtj64T8JjjSYVzC4W/view?usp=drive_link
donate;donate;Explore a new approach to income generation with @donate, a verified payments service. With this bot, channel owners are now empowered to host private channels with paid subscriptions, extending their revenue schemes.\n\n;tools;https://drive.google.com/file/d/1sumFszsFx9G3ZjUrYI-iAs_lI2CPl1eg/view?usp=drive_link
wallet;wallet;Wallet is the definitive user-friendly platform for efficiently managing your digital finances. Join the other 2.5M+ Wallet users, who already conveniently store, send, and receive digital currencies right within Telegram. With Wallet, managing your crypto assets is now as simple as sending a text message.\n\n;WEB3 tools;https://drive.google.com/file/d/1VLbYvFgoK0YNv3ysq7kx0l3exQMLhP9h/view?usp=drive_link
posted;posted;Elevate your channel's content management with the Posted app. It empowers you to draft, format, and schedule posts, even setting them to delete at a designated date and time.\n\n;tools;https://drive.google.com/file/d/1Xj-uNZq2WYL6ZtvfIgRDzvi4F7V8qFCc/view?usp=drive_link
unibot sniper;unibotsniper_bot;"As one of the most recognized crypto tApps available, Unibot Sniper offers a broad range of functions to its users.\n\n
The app equips you with three custodial wallets and enables you to trade tokens on Ethereum directly from a Telegram chat. Its features include regular buy and sell orders, limit orders, and copy trades.\n\n";WEB3 tools;https://drive.google.com/file/d/1LhO0Mpk9I_QvlMpeKOvyKLRFJM5nsfz0/view?usp=drive_link
pixel wallet;pixel_wallet_bot;Gamified Seamless Multichain wallet for the @hellopixelverse ecosystem \n\n;WEB3 tools;https://drive.google.com/file/d/14FFLYNH54FF7PHg4-8PSsT7OzLtWXERu/view?usp=drive_link
hot wallet;herewalletbot;HOT is a non-custodial wallet for Solana, NEAR, Base, and other blockchains, accessible via Telegram. You can easily create or import an account, transfer tokens, and mine HOT Coin. The wallet operates independently of your Telegram account, with all data securely stored locally on your device.\n\n;WEB3 tools;https://drive.google.com/file/d/1OJIBujIiVsRm8u8aEUaMqm7ePXoNpVA1/view?usp=drive_link
wave wallet;waveonsuibot;Wave Wallet, built on the SUI blockchain, is a Telegram-based wallet that combines simplicity, security, and boundless earning opportunities within the SUI ecosystem. Seamlessly transfer, swap tokens, and mine Wave directly through Telegram, all while benefiting from effortless transactions.\n\n;WEB3 tools;https://drive.google.com/file/d/1TCbMyCAXG--cHcP2WE4rXINx0iL7UCnJ/view?usp=drive_link
cell wallet;cellcoin_bot;"CELL is a unique cryptocurrency that you can mine using a Telegram web wallet. The concept is that CELLs exist within every living creature, including humans.\n\n
CELL is poised to be one of the first coins launched on the Human Network blockchain when its mainnet goes live later this year.\n\n";WEB3 tools;https://drive.google.com/file/d/18ipEQnfZa9Mnmqo2CEYqPpDpLlHTvvAg/view?usp=drive_link
instant games;instantgames_bot;"Dive into a range of engaging multiplayer games. Invite friends, form teams, and embark on thrilling adventures.\n\n
Experience a seamless gaming journey, all within the familiar Telegram interface. There's no need to download external apps or set up new accounts. This is gaming made straightforward and easy, allowing you to get into the action whenever the mood strikes.\n\n";game;https://drive.google.com/file/d/11D9s7RKru5oKY3DdaTopXmoCMib2-Nza/view?usp=drive_link
translator;tgtranslatorbot;"Not only does it swiftly translate your posts into any desired language, but it also posts the translated content directly in the comments for your followers' convenience.\n\n
This app integrates seamlessly with Telegram, ensuring the translated messages retain the original tone and sentiment. Its user-friendly interface means even the least tech-savvy channel owners can set it up in minutes, making global communication smoother than ever.\n\n";tools;https://drive.google.com/file/d/1ac9-fWK1k6yAixKKB1aoJUoXhGA4fdVg/view?usp=drive_link
file converter;newfileconverterbot;"Say goodbye to file format headaches with the File Converter app. Seamlessly switch between over 80 formats for images, audio files, and videos. The bot also supports video and audio messages from platforms like Telegram and WhatsApp.
\n\n";tools;https://drive.google.com/file/d/12N2mbBxCuszVizabyo4sx4reBQCvZ5cn/view?usp=drive_link
xjet swap;xjetswapbot;Experience the future of TON token management with xJetSwap. This custodial tApp offers an unparalleled blend of ease and versatility, right inside Telegram.\n\n;WEB3 tools;https://drive.google.com/file/d/1XeY7P5iNX1fQy8E-k2X4n3fV7SMpuQBS/view?usp=drive_link
clipto;clipto_bot;This tApp allows you to save any text or media for quick sharing. Just send your desired content to the bot, give it a unique name, and it's ready for reuse. Need to send it out? Type @clipto_bot in any chat. As you start typing the name of the clip, Clipto will display all relevant options, ensuring you can send what you need in a snap.\n\n;tools;https://drive.google.com/file/d/1E7iuOm07PDUEqMN7EKqvRQ3w1KjNYAmh/view?usp=drive_link
IFTTT;IFTTT;"Welcome to the future of home and business automation, right here within Telegram. IFTTT, standing for ""If This Then That,"" makes your life easier by automating tasks for both work and home.\n\n";tools;https://drive.google.com/file/d/1bO_vTWnFPa-fgd9SjtUXYxGeaMUVUffz/view?usp=drive_link
whowhere;where_my_friends_bot;Primarily oriented towards travellers and expats, WhoWhere presents an innovative feature: a map integrated directly within Telegram, allowing users to locate and communicate with each other.\n\n;tools;https://drive.google.com/file/d/1NFzD_RAdwukF7Kw4Ani6ZZsQsEDPSjJ5/view?usp=drive_link
chat keeper;chatkeeperbot;Explore enhanced group management with the ChatKeeper app on Telegram. This tApp allows for streamlined moderation, effortlessly filtering out unwanted content—be it files, voice notes, videos, or rule-breaking texts. With dynamic triggers, the bot offers life-like responsiveness.\n\n;tools;https://drive.google.com/file/d/1tZXtxUCArqyYQbFBrgul_9ZntuVe_vh4/view?usp=drive_link
getgems;getgemsnftbot;Have you ever imagined an NFT marketplace integrated into Telegram? The wait is over. Step into the world of digital assets with a built-in NFT marketplace, thanks to the innovative Telegram Web Application Platform.\n\n;WEB3 tools;https://drive.google.com/file/d/1HLdk71WEGylVf0lKynCb5i9QdkWTce0E/view?usp=drive_link
hell sweep;hellsweep_bot;This action-packed tApp game lets you step into a dark, medieval world without leaving Telegram. Battle your way through the circles of hell, engaging in challenging roguelike encounters with demons who crave chaos and destruction.\n\n;game;https://drive.google.com/file/d/1F67_NQ6wZap54Qvm-CJyqH84XNQsmWnE/view?usp=drive_link
file manager;etoktobot;Introducing the File Manager app on Telegram, a big step forward in media organization. Designed with simplicity in mind, this tool empowers users to effortlessly tag and catalog their media.\n\n;tools;https://drive.google.com/file/d/14v-HDFLBmKjFd9fQoYSG6mWx5BF9ALBR/view?usp=drive_link
skeddy;skeddybot;This simple app transforms Telegram into a hub of organization and productivity. More than just a reminder bot, SkeddyBot serves as your personalized assistant, always ready and reliably efficient.\n\n;tools;https://drive.google.com/file/d/1slXWFUGHjXekNuBmFlz7PK0A2pOh__Qr/view?usp=drive_link
audio stickers;audiocreatorbot;Spice up your Telegram chats with the Audio Stickers Bot. With this app, you can effortlessly create, manage, and share your unique audio sticker collections with friends, all within Telegram.\n\n;tools;https://drive.google.com/file/d/1eO6pU_p5lxkI1ZrydjAAhWLBB9bX7moT/view?usp=drive_link
osmos;cryptomatch_bot;In today's fast-paced world, networking plays a crucial role in professional advancement. With Osmos on Telegram, professionals have a tool that uses AI to simplify this process. Every Monday, it introduces you to an individual who aligns with your business goals.\n\n;WEB3 tools;https://drive.google.com/file/d/19N2Rs0dnPNBg0VuUEPgIMZbsY5ZlfnGV/view?usp=drive_link
inline games;inlinegamesbot;Tired of the same old group chat conversations? Jazz up your Telegram chats with real-time multiplayer games, all thanks to Inline Games!\n\n;game;https://drive.google.com/file/d/1R1_fzsxi_7kNnr74xbyAhtvIBFIZcG9_/view?usp=drive_link
dex education;whiteswap_education_bot;Navigating the realm of cryptocurrencies can be challenging, but it doesn't have to be. The DEX Education bot is here to simplify your journey into decentralized finance. With its structured lessons, it illuminates the complexities of decentralized exchanges for both beginners and enthusiasts.\n\n;WEB3 tools;https://drive.google.com/file/d/1z_HT1bF4DCNZrPL2r5TmV1_h3fD9PgRE/view?usp=drive_link
endless siege;endlesssiegegamebot;Say goodbye to boredom! Dive into the engaging world of tower defense with Endless Siege. The best part? No downloads, no fuss. Just a click away in your favorite messenger.\n\n;game;https://drive.google.com/file/d/1zJUwYiYWAZzlbg8o5CCnzZsJnz0Q-s6n/view?usp=drive_link
banof;banofbot;Facing disruptions from spammers and flamers in the community can be challenging, but with Banofbot, there’s a solution. It empowers community members by letting them vote to ban users who disturb the peace.\n\n;tools;https://drive.google.com/file/d/1B7wgkzoNUtyZJroqVxEN8fGGE7p31dF8/view?usp=drive_link
bff chatbot;bffgpt_bot;"BFF Chatbot is not just any chatbot; it's an AI-powered companion always ready to engage with you. Whether you're looking for advice, a motivational boost, or just someone to share a laugh with, BFF Chatbot is up for the task.\n\n";tools;https://drive.google.com/file/d/1v36O9Tg6zuRR36fER-mEbRgn8oKJCob0/view?usp=drive_link
split simple;splitsimplebot;Ever found yourself in a situation where you covered someone's restaurant bill or ordered a taxi for a friend, only to have them forget to repay you? Well, worry no more! The Split Simple bot is your trusted companion to ensure you're always in the know about who owes you money.\n\n;tools;https://drive.google.com/file/d/1JBdSvMRIw88cJARcFvX_SyM939ILFwh8/view?usp=drive_link
5 letters;wordsenbot;By going to @wordsenbot, you can dive straight into a captivating puzzle and try to unravel a new unknown word every day. And if you're in the mood for an additional challenge, starting an extra game is a piece of cake.\n\n;game;https://drive.google.com/file/d/1hl0s3dfnEfmiAhlkasUroYjAUxwo3W0-/view?usp=drive_link
social rating;top_soc_bot;Each month, the app will give a shout-out to the top community contributors — those have received the most positive reactions to their messages. This emphasizes their role in shaping group discussions and also sets a gold standard for quality engagement!\n\n;tools;https://drive.google.com/file/d/1omzrxji27VKTu-t0xw7e1UXuiN0p7QK6/view?usp=drive_link
stickerizer;stickerizerbot;what do you do when existing sticker packs just don't cut it, and you don't have time to create your own custom set? Enter Stickerizer, a powerful tApp that allows you to create your own stickers right within Telegram.\n\n;tools;https://drive.google.com/file/d/1LEddaKKJpJdgZSAe-gRyybWFmy98qFIg/view?usp=drive_link
etherdrops;fomo;Are you looking for real-time insights into critical token information directly within Telegram? Look no further! EtherDrops is your trusted partner for staying informed about the world of cryptocurrencies and NFTs. Supporting ten different blockchains, this versatile bot gives you with a comprehensive toolkit to stay ahead in the ever-evolving crypto landscape.\n\n;WEB3 tools;https://drive.google.com/file/d/1KxrfQqmeT7baYxKqdzsBuy4Vx9Nj0shn/view?usp=drive_link
group help;grouphelpbot;As more and more users flock to Telegram to socialize with their friends and join different communities, the demand for robust moderation tools is surging. Introducing GroupHelpBot, a powerful bot designed to help you efficiently and safely manage your groups!\n\n;tools;https://drive.google.com/file/d/15lbA7-iEZUlywIrBKN3oZHbh5N07Z1PB/view?usp=drive_link
calendar;clndrrrbot;If you're tired of finding yourself caught in the endless back-and-forth of scheduling plans with friends, check out Calendar! It's the latest powerful Telegram Mini App designed to streamline group chat calendar management.\n\n;tools;https://drive.google.com/file/d/1Zsxe7zNxGEakJ0zOTDWfFa625jSXaIu4/view?usp=drive_link
tongochi;tongochi_bot;"Have you ever dreamed of raising a frog in a post-apocalyptic world? Experience the fun with Tongochi.\n\n
After a nuclear disaster, players find themselves in a post-apocalyptic setting, nurturing frog-mutants. The objective? Prepare these amphibious creatures for intense battles against formidable zombies. The key to success lies in diligent care — train, feed, and heal your frog, witnessing its evolution into a mighty warrior.\n\n";game;https://drive.google.com/file/d/1E0Spx6gOnj3PHdXPYIGgutHCfO-kn1sq/view?usp=drive_link
memefun;memefunbot;Whether you're deep into a conversation in a group, having a one-on-one chat, or updating your channel, expressing yourself with Meme Fun Bot has never been more exciting! Gone are the days of scrolling through your gallery for the perfect reaction meme. Now, all you have to do is use the bot in inline mode: just type @MemeFunBot followed by the meme you're thinking of, and voila! A selection pops up, ready for you to pick the perfect meme to fit the moment.\n\n;tools;https://drive.google.com/file/d/1kMZXfXTsKIgXkwd5KbuRuqwY599Nb1oq/view?usp=drive_link
news keeper;newskeeperbot;Are you tired of the constant struggle to keep up with various news and information sources? Say goodbye to the struggle! Welcome to News Keeper, a potent RSS reader tApp designed to keep you seamlessly updated right within your favorite messenger app.\n\n;tools;https://drive.google.com/file/d/16zfxh25gU1xM3362Gcl832o1XsNBbzn9/view?usp=drive_link
xrocket;xrocket;Brace yourselves, crypto enthusiasts! xRocket has just rolled out a brand new update that takes the crypto game to the next level. Mass adoption is truly knocking on the door thanks to this enhanced and revamped xRocket exchange, seamlessly integrated into the Telegram Mini App (TMA) format.\n\n;WEB3 tools;https://drive.google.com/file/d/1Jrl_Yras6gBgosObGFuRxp9yB5WyYe5L/view?usp=drive_link
water tracker;water_drop_bot;Telegram apps can be helpful in unexpected ways. In our modern hectic world, we often overlook the simplest things, like taking a moment to relax, remembering to stretch during long work hours, and most crucially — staying hydrated.\n\n;tools;https://drive.google.com/file/d/1SO9B5bnANcdQdgOaJ1Zq-Y86auKaQa6h/view?usp=drive_link
lowkey brokey;lowkeybrokeybot;Lowkey Brokey, a budget tracking companion right inside Telegram! This easy-to-use tool helps you stay in control of your budget and spending.\n\n;tools;https://drive.google.com/file/d/1dXbVJWw2XP7cB4HvHaVMhRicsTVw5qE4/view?usp=drive_link
simplist;simplistbot;Meet SimpList Bot, your new approach to keeping daily tasks organized right within Telegram. Why switch between apps when you can add or delete tasks in an environment you already know and love?\n\n;tools;https://drive.google.com/file/d/1WPfJUhQE6gGEfsZKy78X23OmlnMdaet6/view?usp=drive_link
insight;psy_labs_insight_bot;"Welcome to Insight, a unique bot that brings the mystery and guidance of Tarot cards into your daily life.  \n\n
It provides a straightforward way to seek answers to your burning questions, offering various card readings across six main topics. Additionally, if you're looking for a quick prediction, «the card of the day» feature is here to assist you.\n\n";tools;https://drive.google.com/file/d/1Qt8LwIJK70eOgc1J_EEdYHC7XQ4G1cEs/view?usp=drive_link
battleship online;battleshiprobot;Get ready for fun with BattleshipRobot, bringing the classic naval battle game to your Telegram. Easy to play yet full of strategy, this game allows you to enjoy exciting sea battles directly in your chats.\n\n;game;https://drive.google.com/file/d/1VP7ys-zc5ryOrPOlCFawSxiBNGQTJTf4/view?usp=drive_link
verified community;tcommunity_bot;With this tApp, exploring vibrant and diverse groups becomes a seamless experience. It opens up a universe of verified communities inside Telegram, ready for you to discover. \n\n;tools;https://drive.google.com/file/d/1PgmnumdGCrqDyTIT29FtrnZfeod-dIzQ/view?usp=drive_link
voice transciber;voicetransciberobot;Say hello to hassle-free messaging with Voice Transcriber Bot, your go-to tool for turning voice messages into text right in Telegram. If the only reason you needed Telegram Premium was for audio transcription, this bot might be the perfect solution.\n\n;tools;https://drive.google.com/file/d/1O6RhDkrVjWnIKEeM5W0hACHIJr_W3fpP/view?usp=drive_link
playdeck;playdeckbot;Experience the thrill of endless entertainment with PlayDeck. This hub offers a seamless journey through an extensive catalog, allowing you to pick games and dive into action instantly.\n\n;game;https://drive.google.com/file/d/1IKdFx6QWhgfAIVxrIaciTxZmDcbEphqz/view?usp=drive_link
tribute;tribute;Tribute is a Telegram-native service for donations and paid subscriptions. Whether you're looking to offer exclusive content to your subscribers or simply want a one-time donation, we've got you covered.\n\n;tools;https://drive.google.com/file/d/14WjHFhJ2PxVuBDeaPPj2BvYnYjA1sIzF/view?usp=drive_link
buttonmania;buttonmaniabot;Forget about prehistoric «clickers» and meet the modern «holders»! ButtonMania offers a new way to spend your time with no use but lots of fun. This unique game isn’t about fast reflexes but the art of resilience, testing your ability to hold a button longer than everyone else.\n\n;game;https://drive.google.com/file/d/1ojvKK5Ri-0NB28l8sGAl_dZChAFr9Lk1/view?usp=drive_link
happy farmer;happyfarmergamebot;Happy Farmer is a simulator inspired by well-known farming games. This Mini App is a perfect match for you and your friends if you are into strategic gameplay. Complete tasks, harvest crops, visit friends to help them care for their farms, or cause trouble by stealing crops or tossing weeds and worms!\n\n;game;https://drive.google.com/file/d/1VEeNT4FsF_ELpZscXFC51XtG2sTEHRFV/view?usp=drive_link
catia eduverse;catia_gamebot;Catia Eduverse is a web3 Mini App where users play engaging educational minigames and earn stablecoins, TON, and tokens from prominent crypto projects. Dive into quizzes, complete social tasks, and invite friends to collect valuable in-game assets.\n\n;game;https://drive.google.com/file/d/15LtiJC60uMeKeguQlu2HwYTPwPdESAs9/view?usp=drive_link
tomarket;tomarket_ai_bot;Tomarket is a decentralized marketplace for trading the newest crypto assets directly on Telegram. Currently, you can harvest, farm, and obtain $TOMATO to secure early user benefits and airdrops. Enjoy a drop game and various tasks to collect even more $TOMATO.\n\n;game;https://drive.google.com/file/d/1OUEtPQpQMbQRA83mzeZsb4112sCRfAwN/view?usp=drive_link